LAT,LON,TIME,THICK,ELEVATION,FRAME,SURFACE,BOTTOM,QUALITY
69.157967,-49.630075,73949.4645,  0.00,323.4197,2008071509002,276.43,276.43,1
69.158082,-49.630758,73949.8990,  0.00,322.0157,2008071509002,275.82,275.82,1
69.158195,-49.631438,73950.3328,  0.00,320.5836,2008071509002,280.82,280.82,1
69.158308,-49.632120,73950.7661,  0.00,319.1445,2008071509002,288.97,288.97,1
69.158422,-49.632809,73951.1988,  0.00,317.6984,2008071509002,289.58,289.58,1
69.158534,-49.633493,73951.6308,  0.00,316.2700,2008071509002,286.43,286.43,1
69.158647,-49.634179,73952.0622,  0.00,314.8600,2008071509002,289.58,289.58,1
69.158761,-49.634859,73952.4933,  0.00,313.4867,2008071509002,288.96,288.96,1
69.158876,-49.635543,73952.9237,  0.00,312.1274,2008071509002,281.43,281.43,1
69.158993,-49.636225,73953.3536,  0.00,310.8057,2008071509002,279.58,279.58,1
69.159113,-49.636903,73953.7833,  0.00,309.5414,2008071509002,275.82,275.82,1
69.159236,-49.637573,73954.2132,  0.00,308.3518,2008071509002,275.19,275.19,1
69.159361,-49.638237,73954.6432,  0.00,307.2071,2008071509002,275.19,275.19,1
69.159492,-49.638900,73955.0734,  0.00,306.0632,2008071509002,273.34,273.34,1
69.159626,-49.639551,73955.5041,  0.00,304.9109,2008071509002,262.06,262.06,1
69.159764,-49.640200,73955.9347,  0.00,303.7182,2008071509002,260.20,260.20,1
69.159906,-49.640837,73956.3655,  0.00,302.4646,2008071509002,260.20,260.20,1
69.160052,-49.641468,73956.7961,  0.00,301.1063,2008071509002,262.06,262.06,1
69.160201,-49.642093,73957.2262,  0.00,299.6340,2008071509002,271.50,271.50,1
69.160354,-49.642719,73957.6559,  0.00,298.0580,2008071509002,262.05,262.05,1
69.160506,-49.643335,73958.0852,  0.00,296.4578,2008071509002,260.20,260.20,1
69.160659,-49.643950,73958.5134,  0.00,294.8375,2008071509002,262.04,262.04,1
69.160812,-49.644574,73958.9405,  0.00,293.2008,2008071509002,270.93,270.93,1
69.160964,-49.645202,73959.3663,  0.00,291.5754,2008071509002,257.64,257.64,1
69.161112,-49.645837,73959.7913,  0.00,289.9722,2008071509002,254.60,254.60,1
69.161255,-49.646470,73960.2158,  0.00,288.4149,2008071509002,250.82,250.82,1
69.161396,-49.647119,73960.6403,  0.00,286.8551,2008071509002,250.21,250.21,1
69.161531,-49.647766,73961.0653,  0.00,285.3290,2008071509002,250.81,250.81,1
69.161663,-49.648430,73961.4909,  0.00,283.7989,2008071509002,254.61,254.61,1
69.161789,-49.649090,73961.9163,  0.00,282.3318,2008071509002,254.01,254.01,1
69.161912,-49.649766,73962.3419,  0.00,280.8995,2008071509002,245.82,245.82,1
69.162031,-49.650447,73962.7679,  0.00,279.5358,2008071509002,237.81,237.81,1
69.162144,-49.651128,73963.1945,  0.00,278.2594,2008071509002,218.23,218.23,1
69.162254,-49.651818,73963.6223,  0.00,277.0604,2008071509002,214.63,214.63,1
69.162358,-49.652513,73964.0516,  0.00,275.9562,2008071509002,212.02,212.02,1
69.162458,-49.653212,73964.4819,  0.00,274.9362,2008071509002,219.03,219.03,1
69.162554,-49.653919,73964.9132,  0.00,273.9793,2008071509002,222.60,222.60,1
69.162646,-49.654630,73965.3451,  0.00,273.0858,2008071509002,237.83,237.83,1
69.162734,-49.655337,73965.7772,  0.00,272.2630,2008071509002,240.21,240.21,1
69.162821,-49.656051,73966.2095,  0.00,271.4956,2008071509002,240.21,240.21,1
69.162908,-49.656766,73966.6420,  0.00,270.7792,2008071509002,239.62,239.62,1
69.162994,-49.657480,73967.0747,  0.00,270.1069,2008071509002,235.82,235.82,1
69.163081,-49.658200,73967.5075,  0.00,269.4739,2008071509002,234.62,234.62,1
69.163167,-49.658908,73967.9403,  0.00,268.9021,2008071509002,232.02,232.02,1
69.163256,-49.659625,73968.3730,  0.00,268.3817,2008071509002,239.01,239.01,1
69.163344,-49.660338,73968.8056,  0.00,267.9266,2008071509002,239.61,239.61,1
69.163431,-49.661051,73969.2383,  0.00,267.5282,2008071509002,236.41,236.41,1
69.163517,-49.661770,73969.6711,  0.00,267.1836,2008071509002,239.02,239.02,1
69.163602,-49.662486,73970.1039,  0.00,266.8963,2008071509002,235.81,235.81,1
69.163685,-49.663207,73970.5370,  0.00,266.6614,2008071509002,234.62,234.62,1
69.163765,-49.663931,73970.9704,  0.00,266.4915,2008071509002,230.82,230.82,1
69.163842,-49.664656,73971.4047,  0.00,266.3855,2008071509002,230.81,230.81,1
69.163916,-49.665382,73971.8399,  0.00,266.3309,2008071509002,233.45,233.45,1
69.163986,-49.666109,73972.2758,  0.00,266.3201,2008071509002,225.22,225.22,1
69.164055,-49.666837,73972.7125,  0.00,266.3487,2008071509002,216.41,216.41,1
69.164121,-49.667571,73973.1503,  0.00,266.4235,2008071509002,214.63,214.63,1
69.164184,-49.668306,73973.5886,  0.00,266.5547,2008071509002,210.82,210.82,1
69.164246,-49.669035,73974.0275,  0.00,266.7365,2008071509002,210.82,210.82,1
69.164308,-49.669774,73974.4668,  0.00,266.9675,2008071509002,217.60,217.60,1
69.164370,-49.670512,73974.9066,  0.00,267.2511,2008071509002,236.64,236.64,1
69.164432,-49.671248,73975.3468,  0.00,267.5962,2008071509002,236.41,236.41,1
69.164496,-49.671977,73975.7879,  0.00,268.0089,2008071509002,239.61,239.61,1
69.164562,-49.672713,73976.2301,  0.00,268.4905,2008071509002,240.21,240.21,1
69.164631,-49.673446,73976.6734,  0.00,269.0165,2008071509002,240.21,240.21,1
69.164703,-49.674175,73977.1178,  0.00,269.5737,2008071509002,240.21,240.21,1
69.164777,-49.674900,73977.5630,  0.00,270.1655,2008071509002,240.21,240.21,1
69.164854,-49.675622,73978.0090,  0.00,270.7816,2008071509002,239.02,239.02,1
69.164934,-49.676339,73978.4559,  0.00,271.4041,2008071509002,231.42,231.42,1
69.165017,-49.677063,73978.9036,  0.00,272.0311,2008071509002,230.23,230.23,1
69.165103,-49.677777,73979.3525,  0.00,272.6493,2008071509002,230.23,230.23,1
69.165190,-49.678487,73979.8026,  0.00,273.2628,2008071509002,232.01,232.01,1
69.165281,-49.679199,73980.2536,  0.00,273.8720,2008071509002,243.42,243.42,1
69.165374,-49.679908,73980.7054,  0.00,274.4625,2008071509002,245.22,245.22,1
69.165467,-49.680614,73981.1580,  0.00,275.0311,2008071509002,245.22,245.22,1
69.165563,-49.681317,73981.6113,  0.00,275.5791,2008071509002,245.22,245.22,1
69.165659,-49.682024,73982.0650,  0.00,276.1171,2008071509002,245.22,245.22,1
69.165756,-49.682729,73982.5190,  0.00,276.6486,2008071509002,245.22,245.22,1
69.165853,-49.683434,73982.9733,  0.00,277.1835,2008071509002,245.22,245.22,1
69.165949,-49.684138,73983.4280,  0.00,277.7172,2008071509002,245.22,245.22,1
69.166045,-49.684843,73983.8831,  0.00,278.2436,2008071509002,245.22,245.22,1
69.166141,-49.685547,73984.3386,  0.00,278.7732,2008071509002,245.22,245.22,1
69.166235,-49.686253,73984.7946,  0.00,279.3279,2008071509002,245.22,245.22,1
69.166329,-49.686959,73985.2505,  0.00,279.9198,2008071509002,245.22,245.22,1
69.166423,-49.687666,73985.7061,  0.00,280.5414,2008071509002,245.80,245.80,1
69.166516,-49.688379,73986.1611,  0.00,281.1772,2008071509002,249.62,249.62,1
69.166609,-49.689088,73986.6153,  0.00,281.8174,2008071509002,251.40,251.40,1
69.166700,-49.689794,73987.0689,  0.00,282.4688,2008071509002,259.02,259.02,1
69.166793,-49.690505,73987.5222,  0.00,283.1386,2008071509002,260.20,260.20,1
69.166884,-49.691213,73987.9751,  0.00,283.7972,2008071509002,260.80,260.80,1
69.166976,-49.691921,73988.4272,  0.00,284.4232,2008071509002,263.43,263.43,1
69.167069,-49.692631,73988.8785,  0.00,285.0129,2008071509002,256.40,256.40,1
69.167161,-49.693342,73989.3290,  0.00,285.5853,2008071509002,255.21,255.21,1
69.167254,-49.694053,73989.7785,  0.00,286.1559,2008071509002,255.21,255.21,1
69.167347,-49.694756,73990.2270,  0.00,286.7139,2008071509002,255.21,255.21,1
69.167441,-49.695469,73990.6745,  0.00,287.2708,2008071509002,255.21,255.21,1
69.167537,-49.696176,73991.1214,  0.00,287.8261,2008071509002,255.81,255.81,1
69.167633,-49.696878,73991.5680,  0.00,288.3957,2008071509002,259.02,259.02,1
69.167731,-49.697584,73992.0142,  0.00,289.0003,2008071509002,255.81,255.81,1
69.167831,-49.698284,73992.4601,  0.00,289.6188,2008071509002,255.80,255.80,1
69.167934,-49.698987,73992.9055,  0.00,290.2487,2008071509002,259.02,259.02,1
69.168037,-49.699684,73993.3503,  0.00,290.8719,2008071509002,255.81,255.81,1
69.168141,-49.700375,73993.7949,  0.00,291.4873,2008071509002,257.00,257.00,1
69.168247,-49.701070,73994.2392,  0.00,292.1126,2008071509002,268.42,268.42,1
69.168353,-49.701766,73994.6830,  0.00,292.7541,2008071509002,269.61,269.61,1
69.168459,-49.702463,73995.1265,  0.00,293.4065,2008071509002,265.79,265.79,1
69.168563,-49.703157,73995.5695,  0.00,294.0708,2008071509002,264.61,264.61,1
69.168667,-49.703856,73996.0123,  0.00,294.7661,2008071509002,260.80,260.80,1
69.168769,-49.704553,73996.4549,  0.00,295.5059,2008071509002,260.80,260.80,1
69.168870,-49.705256,73996.8976,  0.00,296.3196,2008071509002,264.61,264.61,1
69.168969,-49.705961,73997.3405,  0.00,297.2013,2008071509002,265.20,265.20,1
69.169067,-49.706667,73997.7836,  0.00,298.1392,2008071509002,265.20,265.20,1
69.169162,-49.707374,73998.2272,  0.00,299.1169,2008071509002,265.79,265.79,1
69.169255,-49.708077,73998.6717,  0.00,300.1113,2008071509002,269.61,269.61,1
69.169347,-49.708787,73999.1169,  0.00,301.1197,2008071509002,270.79,270.79,1
69.169437,-49.709503,73999.5626,  0.00,302.1216,2008071509002,274.61,274.61,1
69.169525,-49.710215,74000.0086,  0.00,303.0958,2008071509002,274.61,274.61,1
69.169611,-49.710928,74000.4548,  0.00,304.0503,2008071509002,270.79,270.79,1
69.169695,-49.711648,74000.9013,  0.00,304.9950,2008071509002,270.79,270.79,1
69.169778,-49.712368,74001.3482,  0.00,305.9354,2008071509002,274.61,274.61,1
69.169859,-49.713084,74001.7955,  0.00,306.8825,2008071509002,275.19,275.19,1
69.169939,-49.713805,74002.2433,  0.00,307.8601,2008071509002,275.79,275.79,1
69.170018,-49.714526,74002.6915,  0.00,308.8637,2008071509002,279.61,279.61,1
69.170096,-49.715248,74003.1401,  0.00,309.8797,2008071509002,279.02,279.02,1
69.170173,-49.715976,74003.5889,  0.00,310.8965,2008071509002,271.38,271.38,1
69.170249,-49.716699,74004.0380,  0.00,311.8866,2008071509002,270.20,270.20,1
69.170323,-49.717422,74004.4875,  0.00,312.8507,2008071509002,270.20,270.20,1
69.170396,-49.718152,74004.9373,  0.00,313.7882,2008071509002,271.38,271.38,1
69.170467,-49.718877,74005.3874,  0.00,314.6800,2008071509002,279.03,279.03,1
69.170536,-49.719608,74005.8378,  0.00,315.5362,2008071509002,281.37,281.37,1
69.170604,-49.720334,74006.2884,  0.00,316.3404,2008071509002,289.61,289.61,1
69.170671,-49.721067,74006.7391,  0.00,317.0886,2008071509002,294.02,294.02,1
69.170736,-49.721802,74007.1899,  0.00,317.7466,2008071509002,290.78,290.78,1
69.170799,-49.722532,74007.6406,  0.00,318.2816,2008071509002,290.20,290.20,1
69.170862,-49.723269,74008.0908,  0.00,318.6768,2008071509002,290.20,290.20,1
69.170923,-49.724003,74008.5405,  0.00,318.9087,2008071509002,290.20,290.20,1
69.170983,-49.724738,74008.9893,  0.00,318.9778,2008071509002,289.60,289.60,1
69.171043,-49.725474,74009.4375,  0.00,318.8766,2008071509002,285.19,285.19,1
69.171101,-49.726212,74009.8851,  0.00,318.6265,2008071509002,280.78,280.78,1
69.171159,-49.726952,74010.3320,  0.00,318.2628,2008071509002,280.20,280.20,1
69.171216,-49.727688,74010.7783,  0.00,317.8174,2008071509002,280.78,280.78,1
69.171272,-49.728431,74011.2238,  0.00,317.3063,2008071509002,284.61,284.61,1
69.171325,-49.729171,74011.6686,  0.00,316.7497,2008071509002,284.61,284.61,1
69.171377,-49.729912,74012.1131,  0.00,316.1492,2008071509002,280.20,280.20,1
69.171427,-49.730655,74012.5574,  0.00,315.5122,2008071509002,275.77,275.77,1
69.171475,-49.731400,74013.0017,  0.00,314.8325,2008071509002,274.62,274.62,1
69.171519,-49.732140,74013.4457,  0.00,314.1042,2008071509002,267.88,267.88,1
69.171562,-49.732893,74013.8895,  0.00,313.3088,2008071509002,245.21,245.21,1
69.171602,-49.733637,74014.3331,  0.00,312.4719,2008071509002,221.97,221.97,1
69.171640,-49.734382,74014.7764,  0.00,311.5877,2008071509002,210.81,210.81,1
69.171674,-49.735134,74015.2195,  0.00,310.6515,2008071509002,205.82,205.82,1
69.171706,-49.735882,74015.6623,  0.00,309.6686,2008071509002,203.50,203.50,1
69.171735,-49.736632,74016.1046,  0.00,308.6248,2008071509002,191.96,191.96,1
69.171761,-49.737388,74016.5467,  0.00,307.5093,2008071509002,190.82,190.82,1
69.171784,-49.738140,74016.9884,  0.00,306.3332,2008071509002,194.66,194.66,1
69.171804,-49.738888,74017.4300,  0.00,305.0945,2008071509002,195.81,195.81,1
69.171822,-49.739638,74017.8712,  0.00,303.7878,2008071509002,200.81,200.81,1
69.171837,-49.740394,74018.3114,  0.00,302.4162,2008071509002,209.66,209.66,1
69.171850,-49.741147,74018.7506,  0.00,301.0214,2008071509002,215.23,215.23,1
69.171862,-49.741901,74019.1888,  0.00,299.6174,2008071509002,222.53,222.53,1
69.171874,-49.742656,74019.6262,  0.00,298.2250,2008071509002,245.22,245.22,1
69.171888,-49.743417,74020.0630,  0.00,296.8495,2008071509002,266.13,266.13,1
69.171902,-49.744168,74020.4996,  0.00,295.5348,2008071509002,261.37,261.37,1
69.171920,-49.744924,74020.9361,  0.00,294.2618,2008071509002,260.20,260.20,1
69.171940,-49.745674,74021.3731,  0.00,293.0530,2008071509002,260.20,260.20,1
69.171963,-49.746423,74021.8100,  0.00,291.9038,2008071509002,260.20,260.20,1
69.171990,-49.747173,74022.2466,  0.00,290.8204,2008071509002,260.20,260.20,1
69.172020,-49.747927,74022.6830,  0.00,289.7979,2008071509002,259.63,259.63,1
69.172053,-49.748675,74023.1191,  0.00,288.8545,2008071509002,255.79,255.79,1
69.172088,-49.749424,74023.5548,  0.00,287.9786,2008071509002,255.21,255.21,1
69.172126,-49.750172,74023.9900,  0.00,287.1604,2008071509002,255.21,255.21,1
69.172166,-49.750920,74024.4244,  0.00,286.3838,2008071509002,255.21,255.21,1
69.172207,-49.751668,74024.8584,  0.00,285.6276,2008071509002,255.21,255.21,1
69.172250,-49.752411,74025.2921,  0.00,284.8637,2008071509002,255.21,255.21,1
69.172293,-49.753156,74025.7254,  0.00,284.0564,2008071509002,255.21,255.21,1
69.172337,-49.753895,74026.1580,  0.00,283.1945,2008071509002,254.63,254.63,1
69.172381,-49.754641,74026.5895,  0.00,282.2534,2008071509002,250.79,250.79,1
69.172426,-49.755389,74027.0198,  0.00,281.2221,2008071509002,250.21,250.21,1
69.172470,-49.756134,74027.4488,  0.00,280.1099,2008071509002,249.63,249.63,1
69.172513,-49.756875,74027.8767,  0.00,278.9306,2008071509002,245.79,245.79,1
69.172557,-49.757629,74028.3037,  0.00,277.6855,2008071509002,245.22,245.22,1
69.172600,-49.758373,74028.7296,  0.00,276.4463,2008071509002,245.22,245.22,1
69.172643,-49.759114,74029.1543,  0.00,275.2272,2008071509002,245.22,245.22,1
69.172685,-49.759857,74029.5780,  0.00,274.0309,2008071509002,244.06,244.06,1
69.172729,-49.760606,74030.0009,  0.00,272.8593,2008071509002,236.37,236.37,1
69.172773,-49.761357,74030.4232,  0.00,271.7318,2008071509002,235.22,235.22,1
69.172817,-49.762103,74030.8449,  0.00,270.6542,2008071509002,236.38,236.38,1
69.172861,-49.762844,74031.2663,  0.00,269.6177,2008071509002,242.89,242.89,1
69.172906,-49.763591,74031.6872,  0.00,268.5966,2008071509002,236.38,236.38,1
69.172952,-49.764333,74032.1077,  0.00,267.5891,2008071509002,234.64,234.64,1
69.172998,-49.765076,74032.5276,  0.00,266.5805,2008071509002,230.22,230.22,1
69.173046,-49.765824,74032.9469,  0.00,265.5652,2008071509002,225.80,225.80,1
69.173095,-49.766561,74033.3659,  0.00,264.5622,2008071509002,224.64,224.64,1
69.173146,-49.767309,74033.7847,  0.00,263.5400,2008071509002,220.81,220.81,1
69.173198,-49.768051,74034.2034,  0.00,262.5261,2008071509002,220.23,220.23,1
69.173252,-49.768786,74034.6219,  0.00,261.5228,2008071509002,220.23,220.23,1
69.173309,-49.769526,74035.0402,  0.00,260.5184,2008071509002,220.81,220.81,1
69.173367,-49.770265,74035.4584,  0.00,259.5275,2008071509002,224.64,224.64,1
69.173425,-49.770997,74035.8767,  0.00,258.5628,2008071509002,226.39,226.39,1
69.173486,-49.771741,74036.2952,  0.00,257.5993,2008071509002,233.48,233.48,1
69.173546,-49.772473,74036.7138,  0.00,256.6526,2008071509002,230.22,230.22,1
69.173605,-49.773206,74037.1322,  0.00,255.6846,2008071509002,225.79,225.79,1
69.173664,-49.773946,74037.5502,  0.00,254.6660,2008071509002,225.22,225.22,1
69.173720,-49.774687,74037.9677,  0.00,253.5951,2008071509002,225.22,225.22,1
69.173775,-49.775429,74038.3850,  0.00,252.4752,2008071509002,224.66,224.66,1
69.173826,-49.776168,74038.8022,  0.00,251.3114,2008071509002,221.36,221.36,1
69.173874,-49.776909,74039.2197,  0.00,250.0920,2008071509002,224.09,224.09,1
69.173919,-49.777651,74039.6370,  0.00,248.8205,2008071509002,220.79,220.79,1
69.173961,-49.778401,74040.0540,  0.00,247.4932,2008071509002,219.66,219.66,1
69.174001,-49.779146,74040.4708,  0.00,246.1391,2008071509002,215.79,215.79,1
69.174037,-49.779894,74040.8873,  0.00,244.7639,2008071509002,215.22,215.22,1
69.174071,-49.780642,74041.3033,  0.00,243.3842,2008071509002,214.65,214.65,1
69.174102,-49.781392,74041.7191,  0.00,242.0135,2008071509002,210.80,210.80,1
69.174130,-49.782143,74042.1349,  0.00,240.6631,2008071509002,210.23,210.23,1
69.174156,-49.782896,74042.5507,  0.00,239.3333,2008071509002,209.67,209.67,1
69.174179,-49.783643,74042.9662,  0.00,238.0487,2008071509002,205.79,205.79,1
69.174199,-49.784397,74043.3815,  0.00,236.7940,2008071509002,205.24,205.24,1
69.174216,-49.785152,74043.7965,  0.00,235.5687,2008071509002,205.24,205.24,1
69.174230,-49.785907,74044.2116,  0.00,234.3560,2008071509002,204.67,204.67,1
69.174241,-49.786663,74044.6268,  0.00,233.1457,2008071509002,200.79,200.79,1
69.174248,-49.787414,74045.0424,  0.00,231.9327,2008071509002,199.67,199.67,1
69.174252,-49.788171,74045.4575,  0.00,230.7280,2008071509002,195.79,195.79,1
69.174255,-49.788929,74045.8718,  0.00,229.5696,2008071509002,195.79,195.79,1
69.174256,-49.789686,74046.2862,  0.00,228.4681,2008071509002,199.67,199.67,1
69.174257,-49.790444,74046.7007,  0.00,227.4273,2008071509002,200.23,200.23,1
69.174257,-49.791196,74047.1152,  0.00,226.4708,2008071509002,200.23,200.23,1
69.174258,-49.791953,74047.5301,  0.00,225.5921,2008071509002,199.10,199.10,1
69.174259,-49.792709,74047.9455,  0.00,224.8112,2008071509002,191.94,191.94,1
69.174262,-49.793466,74048.3613,  0.00,224.0869,2008071509002,194.68,194.68,1
69.174267,-49.794221,74048.7773,  0.00,223.3747,2008071509002,194.67,194.67,1
69.174273,-49.794970,74049.1936,  0.00,222.6769,2008071509002,190.80,190.80,1
69.174280,-49.795725,74049.6100,  0.00,221.9959,2008071509002,190.23,190.23,1
69.174288,-49.796485,74050.0267,  0.00,221.3207,2008071509002,189.67,189.67,1
69.174298,-49.797239,74050.4434,  0.00,220.6481,2008071509002,185.81,185.81,1
69.174310,-49.797992,74050.8601,  0.00,219.9786,2008071509002,185.81,185.81,1
69.174322,-49.798750,74051.2771,  0.00,219.3382,2008071509002,189.67,189.67,1
69.174336,-49.799508,74051.6945,  0.00,218.7651,2008071509002,190.23,190.23,1
69.174352,-49.800264,74052.1125,  0.00,218.2714,2008071509002,190.23,190.23,1
69.174368,-49.801014,74052.5310,  0.00,217.8509,2008071509002,189.67,189.67,1
69.174386,-49.801769,74052.9499,  0.00,217.4790,2008071509002,185.24,185.24,1
69.174404,-49.802523,74053.3692,  0.00,217.1359,2008071509002,180.81,180.81,1
69.174424,-49.803276,74053.7889,  0.00,216.8019,2008071509002,180.25,180.25,1
69.174444,-49.804028,74054.2088,  0.00,216.4601,2008071509002,180.81,180.81,1
69.174465,-49.804786,74054.6290,  0.00,216.0929,2008071509002,184.11,184.11,1
69.174487,-49.805537,74055.0494,  0.00,215.6767,2008071509002,180.81,180.81,1
69.174509,-49.806287,74055.4701,  0.00,215.2073,2008071509002,180.25,180.25,1
69.174531,-49.807037,74055.8911,  0.00,214.6996,2008071509002,179.68,179.68,1
69.174554,-49.807793,74056.3122,  0.00,214.1829,2008071509002,175.25,175.25,1
69.174578,-49.808548,74056.7334,  0.00,213.6912,2008071509002,170.81,170.81,1
69.174601,-49.809297,74057.1546,  0.00,213.2462,2008071509002,170.25,170.25,1
69.174625,-49.810052,74057.5759,  0.00,212.8426,2008071509002,170.25,170.25,1
69.174649,-49.810806,74057.9974,  0.00,212.4928,2008071509002,170.25,170.25,1
69.174674,-49.811559,74058.4190,  0.00,212.1878,2008071509002,170.82,170.82,1
69.174700,-49.812316,74058.8412,  0.00,211.9257,2008071509002,174.67,174.67,1
69.174727,-49.813061,74059.2641,  0.00,211.7090,2008071509002,175.81,175.81,1
69.174756,-49.813811,74059.6878,  0.00,211.5161,2008071509002,179.68,179.68,1
69.174787,-49.814565,74060.1121,  0.00,211.3264,2008071509002,179.11,179.11,1
69.174819,-49.815311,74060.5367,  0.00,211.1371,2008071509002,170.81,170.81,1
69.174852,-49.816063,74060.9615,  0.00,210.9504,2008071509002,167.51,167.51,1
69.174887,-49.816819,74061.3866,  0.00,210.7782,2008071509002,178.55,178.55,1
69.174922,-49.817563,74061.8121,  0.00,210.6247,2008071509002,180.25,180.25,1
69.174957,-49.818311,74062.2379,  0.00,210.4761,2008071509002,180.25,180.25,1
69.174994,-49.819063,74062.6642,  0.00,210.3311,2008071509002,179.68,179.68,1
69.175031,-49.819809,74063.0912,  0.00,210.2074,2008071509002,176.38,176.38,1
69.175070,-49.820565,74063.5189,  0.00,210.1183,2008071509002,179.68,179.68,1
69.175108,-49.821308,74063.9473,  0.00,210.0761,2008071509002,180.25,180.25,1
69.175147,-49.822055,74064.3762,  0.00,210.0822,2008071509002,180.25,180.25,1
69.175186,-49.822807,74064.8060,  0.00,210.1412,2008071509002,179.68,179.68,1
69.175224,-49.823558,74065.2366,  0.00,210.2495,2008071509002,176.37,176.37,1
69.175261,-49.824302,74065.6679,  0.00,210.3958,2008071509002,179.69,179.69,1
69.175296,-49.825051,74066.0999,  0.00,210.5705,2008071509002,180.25,180.25,1
69.175330,-49.825800,74066.5326,  0.00,210.7522,2008071509002,180.25,180.25,1
69.175361,-49.826549,74066.9660,  0.00,210.9223,2008071509002,180.25,180.25,1
69.175390,-49.827302,74067.3999,  0.00,211.0716,2008071509002,180.25,180.25,1
69.175416,-49.828050,74067.8345,  0.00,211.1862,2008071509002,181.36,181.36,1
69.175441,-49.828809,74068.2696,  0.00,211.2688,2008071509002,187.44,187.44,1
69.175465,-49.829562,74068.7051,  0.00,211.3334,2008071509002,176.92,176.92,1
69.175488,-49.830308,74069.1409,  0.00,211.3902,2008071509002,175.81,175.81,1
69.175512,-49.831065,74069.5771,  0.00,211.4401,2008071509002,179.68,179.68,1
69.175537,-49.831820,74070.0137,  0.00,211.4737,2008071509002,180.25,180.25,1
69.175564,-49.832572,74070.4507,  0.00,211.4733,2008071509002,180.25,180.25,1
69.175594,-49.833332,74070.8893,  0.00,211.4241,2008071509002,179.68,179.68,1
69.175628,-49.834078,74071.3297,  0.00,211.3338,2008071509002,175.81,175.81,1
69.175666,-49.834826,74071.7722,  0.00,211.2077,2008071509002,176.38,176.38,1
69.175708,-49.835569,74072.2164,  0.00,211.0461,2008071509002,182.41,182.41,1
69.175755,-49.836318,74072.6615,  0.00,210.8427,2008071509002,171.95,171.95,1
69.175806,-49.837056,74073.1073,  0.00,210.6020,2008071509002,170.82,170.82,1
69.175862,-49.837796,74073.5546,  0.00,210.3327,2008071509002,175.24,175.24,1
69.175920,-49.838532,74074.0043,  0.00,210.0562,2008071509002,179.68,179.68,1
69.175981,-49.839260,74074.4559,  0.00,209.7757,2008071509002,179.69,179.69,1
69.176045,-49.839996,74074.9078,  0.00,209.4659,2008071509002,175.80,175.80,1
69.176109,-49.840726,74075.3591,  0.00,209.1250,2008071509002,175.80,175.80,1
69.176173,-49.841461,74075.8094,  0.00,208.7590,2008071509002,179.69,179.69,1
69.176237,-49.842196,74076.2592,  0.00,208.3944,2008071509002,179.69,179.69,1
69.176301,-49.842933,74076.7088,  0.00,208.0463,2008071509002,175.80,175.80,1
69.176362,-49.843666,74077.1586,  0.00,207.7150,2008071509002,175.24,175.24,1
69.176423,-49.844405,74077.6083,  0.00,207.3810,2008071509002,175.24,175.24,1
69.176482,-49.845140,74078.0579,  0.00,207.0532,2008071509002,175.24,175.24,1
69.176539,-49.845875,74078.5073,  0.00,206.7247,2008071509002,175.24,175.24,1
69.176596,-49.846612,74078.9566,  0.00,206.3807,2008071509002,175.24,175.24,1
69.176651,-49.847356,74079.4056,  0.00,206.0022,2008071509002,175.24,175.24,1
69.176706,-49.848095,74079.8545,  0.00,205.5966,2008071509002,175.24,175.24,1
69.176759,-49.848834,74080.3031,  0.00,205.1717,2008071509002,175.24,175.24,1
69.176813,-49.849575,74080.7513,  0.00,204.7355,2008071509002,175.24,175.24,1
69.176866,-49.850315,74081.1990,  0.00,204.2818,2008071509002,175.80,175.80,1
69.176920,-49.851055,74081.6468,  0.00,203.8205,2008071509002,179.69,179.69,1
69.176976,-49.851800,74082.0947,  0.00,203.3721,2008071509002,180.25,180.25,1
69.177031,-49.852540,74082.5429,  0.00,202.9603,2008071509002,180.25,180.25,1
69.177088,-49.853273,74082.9911,  0.00,202.5595,2008071509002,180.25,180.25,1
69.177146,-49.854012,74083.4391,  0.00,202.1491,2008071509002,179.69,179.69,1
69.177204,-49.854750,74083.8867,  0.00,201.7495,2008071509002,175.80,175.80,1
69.177263,-49.855488,74084.3341,  0.00,201.3815,2008071509002,174.13,174.13,1
69.177323,-49.856231,74084.7815,  0.00,201.0471,2008071509002,166.92,166.92,1
69.177381,-49.856965,74085.2290,  0.00,200.7487,2008071509002,169.70,169.70,1
69.177439,-49.857704,74085.6766,  0.00,200.4675,2008071509002,170.25,170.25,1
69.177494,-49.858444,74086.1243,  0.00,200.2129,2008071509002,170.80,170.80,1
69.177547,-49.859186,74086.5718,  0.00,199.9917,2008071509002,174.70,174.70,1
69.177596,-49.859928,74087.0193,  0.00,199.7824,2008071509002,175.24,175.24,1
69.177642,-49.860678,74087.4673,  0.00,199.5692,2008071509002,174.16,174.16,1
69.177683,-49.861423,74087.9161,  0.00,199.3382,2008071509002,166.33,166.33,1
69.177719,-49.862170,74088.3660,  0.00,199.0621,2008071509002,165.78,165.78,1
69.177750,-49.862923,74088.8160,  0.00,198.7161,2008071509002,169.72,169.72,1
69.177777,-49.863672,74089.2660,  0.00,198.3077,2008071509002,170.25,170.25,1
69.177799,-49.864422,74089.7162,  0.00,197.8351,2008071509002,169.71,169.71,1
69.177817,-49.865178,74090.1666,  0.00,197.3200,2008071509002,165.78,165.78,1
69.177832,-49.865935,74090.6170,  0.00,196.8184,2008071509002,165.25,165.25,1
69.177845,-49.866687,74091.0669,  0.00,196.3961,2008071509002,165.25,165.25,1
69.177858,-49.867440,74091.5161,  0.00,196.1149,2008071509002,165.25,165.25,1
69.177871,-49.868203,74091.9647,  0.00,196.0324,2008071509002,165.25,165.25,1
69.177885,-49.868960,74092.4134,  0.00,196.1897,2008071509002,165.25,165.25,1
69.177903,-49.869715,74092.8631,  0.00,196.5880,2008071509002,165.25,165.25,1
69.177924,-49.870473,74093.3142,  0.00,197.2043,2008071509002,165.25,165.25,1
69.177950,-49.871227,74093.7672,  0.00,197.9761,2008071509002,165.25,165.25,1
69.177979,-49.871978,74094.2222,  0.00,198.8248,2008071509002,165.78,165.78,1
69.178012,-49.872720,74094.6788,  0.00,199.6773,2008071509002,169.72,169.72,1
69.178049,-49.873470,74095.1363,  0.00,200.4973,2008071509002,170.78,170.78,1
69.178088,-49.874213,74095.5945,  0.00,201.2233,2008071509002,174.71,174.71,1
69.178128,-49.874960,74096.0529,  0.00,201.8531,2008071509002,175.24,175.24,1
69.178170,-49.875701,74096.5112,  0.00,202.3977,2008071509002,175.24,175.24,1
69.178212,-49.876451,74096.9693,  0.00,202.8755,2008071509002,175.24,175.24,1
69.178255,-49.877202,74097.4273,  0.00,203.2859,2008071509002,174.71,174.71,1
69.178298,-49.877942,74097.8851,  0.00,203.6393,2008071509002,170.78,170.78,1
69.178342,-49.878693,74098.3430,  0.00,203.9525,2008071509002,170.78,170.78,1
69.178386,-49.879433,74098.8009,  0.00,204.2254,2008071509002,174.71,174.71,1
69.178431,-49.880178,74099.2586,  0.00,204.4604,2008071509002,175.77,175.77,1
69.178476,-49.880924,74099.7162,  0.00,204.6402,2008071509002,179.72,179.72,1
69.178522,-49.881669,74100.1735,  0.00,204.7695,2008071509002,179.71,179.71,1
69.178569,-49.882410,74100.6303,  0.00,204.8595,2008071509002,175.78,175.78,1
69.178617,-49.883155,74101.0868,  0.00,204.9267,2008071509002,175.24,175.24,1
69.178666,-49.883900,74101.5430,  0.00,204.9897,2008071509002,175.24,175.24,1
69.178717,-49.884644,74101.9992,  0.00,205.0628,2008071509002,175.24,175.24,1
69.178770,-49.885387,74102.4555,  0.00,205.1574,2008071509002,175.24,175.24,1
69.178825,-49.886128,74102.9122,  0.00,205.2799,2008071509002,174.71,174.71,1
69.178883,-49.886867,74103.3690,  0.00,205.4438,2008071509002,171.32,171.32,1
69.178943,-49.887604,74103.8263,  0.00,205.6550,2008071509002,174.71,174.71,1
69.179006,-49.888338,74104.2844,  0.00,205.9119,2008071509002,175.24,175.24,1
69.179072,-49.889074,74104.7433,  0.00,206.2129,2008071509002,175.78,175.78,1
69.179140,-49.889802,74105.2025,  0.00,206.5538,2008071509002,179.17,179.17,1
69.179212,-49.890533,74105.6623,  0.00,206.9351,2008071509002,176.32,176.32,1
69.179285,-49.891256,74106.1227,  0.00,207.3521,2008071509002,179.71,179.71,1
69.179361,-49.891981,74106.5836,  0.00,207.7948,2008071509002,179.71,179.71,1
69.179438,-49.892705,74107.0448,  0.00,208.2450,2008071509002,176.32,176.32,1
69.179517,-49.893429,74107.5059,  0.00,208.7094,2008071509002,179.72,179.72,1
69.179595,-49.894152,74107.9667,  0.00,209.1888,2008071509002,180.25,180.25,1
69.179673,-49.894877,74108.4273,  0.00,209.6685,2008071509002,179.73,179.73,1
69.179748,-49.895598,74108.8878,  0.00,210.1249,2008071509002,174.20,174.20,1
69.179820,-49.896326,74109.3481,  0.00,210.5416,2008071509002,161.81,161.81,1
69.179890,-49.897057,74109.8079,  0.00,210.9083,2008071509002,160.25,160.25,1
69.179955,-49.897791,74110.2679,  0.00,211.2247,2008071509002,162.82,162.82,1
69.180017,-49.898528,74110.7281,  0.00,211.4725,2008071509002,182.69,182.69,1
69.180074,-49.899268,74111.1885,  0.00,211.6430,2008071509002,184.74,184.74,1
69.180126,-49.900005,74111.6485,  0.00,211.7576,2008071509002,180.76,180.76,1
69.180175,-49.900750,74112.1084,  0.00,211.8519,2008071509002,180.76,180.76,1
69.180219,-49.901496,74112.5684,  0.00,211.9415,2008071509002,184.23,184.23,1
69.180258,-49.902245,74113.0287,  0.00,212.0246,2008071509002,181.25,181.25,1
69.180293,-49.902995,74113.4894,  0.00,212.0984,2008071509002,184.24,184.24,1
69.180324,-49.903746,74113.9509,  0.00,212.1703,2008071509002,180.74,180.74,1
69.180351,-49.904494,74114.4117,  0.00,212.2551,2008071509002,180.25,180.25,1
69.180375,-49.905248,74114.8717,  0.00,212.3511,2008071509002,180.75,180.75,1
69.180397,-49.906003,74115.3311,  0.00,212.4557,2008071509002,184.74,184.74,1
69.180418,-49.906758,74115.7903,  0.00,212.5855,2008071509002,185.24,185.24,1
69.180440,-49.907514,74116.2494,  0.00,212.7690,2008071509002,185.24,185.24,1
69.180461,-49.908264,74116.7088,  0.00,213.0249,2008071509002,185.24,185.24,1
69.180484,-49.909015,74117.1686,  0.00,213.3552,2008071509002,185.24,185.24,1
69.180506,-49.909765,74117.6285,  0.00,213.7254,2008071509002,185.24,185.24,1
69.180529,-49.910522,74118.0880,  0.00,214.1094,2008071509002,185.24,185.24,1
69.180551,-49.911274,74118.5469,  0.00,214.4862,2008071509002,185.24,185.24,1
69.180572,-49.912027,74119.0049,  0.00,214.8440,2008071509002,185.24,185.24,1
69.180592,-49.912775,74119.4621,  0.00,215.1762,2008071509002,185.24,185.24,1
69.180610,-49.913536,74119.9186,  0.00,215.4940,2008071509002,185.24,185.24,1
69.180627,-49.914293,74120.3747,  0.00,215.7961,2008071509002,185.24,185.24,1
69.180642,-49.915046,74120.8303,  0.00,216.0843,2008071509002,185.24,185.24,1
69.180656,-49.915799,74121.2856,  0.00,216.3597,2008071509002,185.24,185.24,1
69.180670,-49.916554,74121.7404,  0.00,216.6199,2008071509002,185.24,185.24,1
69.180683,-49.917309,74122.1948,  0.00,216.8677,2008071509002,185.74,185.74,1
69.180696,-49.918060,74122.6486,  0.00,217.0868,2008071509002,189.73,189.73,1
69.180709,-49.918823,74123.1017,  0.00,217.2477,2008071509002,188.23,188.23,1
69.180722,-49.919576,74123.5539,  0.00,217.3241,2008071509002,172.26,172.26,1
69.180735,-49.920331,74124.0055,  0.00,217.3301,2008071509002,171.76,171.76,1
69.180748,-49.921081,74124.4565,  0.00,217.2924,2008071509002,183.73,183.73,1
69.180763,-49.921838,74124.9067,  0.00,217.2123,2008071509002,185.75,185.75,1
69.180778,-49.922596,74125.3559,  0.00,217.0776,2008071509002,189.23,189.23,1
69.180793,-49.923345,74125.8041,  0.00,216.8965,2008071509002,185.75,185.75,1
69.180810,-49.924105,74126.2515,  0.00,216.6902,2008071509002,185.24,185.24,1
69.180827,-49.924856,74126.6985,  0.00,216.4834,2008071509002,185.24,185.24,1
69.180845,-49.925613,74127.1449,  0.00,216.2649,2008071509002,185.24,185.24,1
69.180863,-49.926367,74127.5905,  0.00,216.0165,2008071509002,184.73,184.73,1
69.180882,-49.927121,74128.0351,  0.00,215.7459,2008071509002,181.25,181.25,1
69.180901,-49.927877,74128.4789,  0.00,215.4747,2008071509002,184.74,184.74,1
69.180920,-49.928623,74128.9220,  0.00,215.2228,2008071509002,185.24,185.24,1
69.180939,-49.929381,74129.3642,  0.00,215.0009,2008071509002,185.24,185.24,1
69.180959,-49.930135,74129.8057,  0.00,214.8369,2008071509002,185.24,185.24,1
69.180980,-49.930895,74130.2466,  0.00,214.7536,2008071509002,185.24,185.24,1
69.181000,-49.931645,74130.6869,  0.00,214.7770,2008071509002,185.24,185.24,1
69.181021,-49.932401,74131.1267,  0.00,214.9076,2008071509002,185.24,185.24,1
69.181043,-49.933152,74131.5662,  0.00,215.1377,2008071509002,185.24,185.24,1
69.181065,-49.933910,74132.0054,  0.00,215.4672,2008071509002,185.24,185.24,1
69.181087,-49.934661,74132.4446,  0.00,215.8670,2008071509002,185.24,185.24,1
69.181110,-49.935413,74132.8838,  0.00,216.3182,2008071509002,185.75,185.75,1
69.181134,-49.936171,74133.3227,  0.00,216.8147,2008071509002,189.73,189.73,1
69.181157,-49.936917,74133.7616,  0.00,217.3371,2008071509002,190.23,190.23,1
69.181182,-49.937674,74134.2004,  0.00,217.9012,2008071509002,189.73,189.73,1
69.181208,-49.938431,74134.6392,  0.00,218.5067,2008071509002,185.75,185.75,1
69.181234,-49.939181,74135.0783,  0.00,219.1599,2008071509002,184.74,184.74,1
69.181262,-49.939936,74135.5180,  0.00,219.8721,2008071509002,180.76,180.76,1
69.181291,-49.940684,74135.9582,  0.00,220.6091,2008071509002,181.26,181.26,1
69.181322,-49.941436,74136.3991,  0.00,221.3578,2008071509002,189.22,189.22,1
69.181353,-49.942188,74136.8405,  0.00,222.1103,2008071509002,190.23,190.23,1
69.181385,-49.942933,74137.2824,  0.00,222.8616,2008071509002,190.23,190.23,1
69.181417,-49.943683,74137.7245,  0.00,223.6123,2008071509002,190.74,190.74,1
69.181449,-49.944433,74138.1665,  0.00,224.3416,2008071509002,194.74,194.74,1
69.181480,-49.945183,74138.6083,  0.00,225.0487,2008071509002,195.24,195.24,1
69.181511,-49.945934,74139.0502,  0.00,225.7530,2008071509002,194.73,194.73,1
69.181541,-49.946684,74139.4920,  0.00,226.4683,2008071509002,191.25,191.25,1
69.181570,-49.947436,74139.9339,  0.00,227.1880,2008071509002,194.74,194.74,1
69.181598,-49.948187,74140.3756,  0.00,227.8936,2008071509002,195.24,195.24,1
69.181625,-49.948939,74140.8172,  0.00,228.5709,2008071509002,195.74,195.74,1
69.181652,-49.949691,74141.2586,  0.00,229.1986,2008071509002,199.73,199.73,1
69.181679,-49.950444,74141.7000,  0.00,229.7526,2008071509002,200.23,200.23,1
69.181705,-49.951197,74142.1413,  0.00,230.2124,2008071509002,200.23,200.23,1
69.181732,-49.951950,74142.5826,  0.00,230.5656,2008071509002,200.23,200.23,1
69.181758,-49.952697,74143.0238,  0.00,230.8160,2008071509002,200.23,200.23,1
69.181785,-49.953451,74143.4648,  0.00,231.0095,2008071509002,200.23,200.23,1
69.181812,-49.954205,74143.9055,  0.00,231.1688,2008071509002,200.23,200.23,1
69.181839,-49.954959,74144.3459,  0.00,231.3098,2008071509002,200.74,200.74,1
69.181866,-49.955709,74144.7859,  0.00,231.4490,2008071509002,204.73,204.73,1
69.181893,-49.956464,74145.2256,  0.00,231.6030,2008071509002,205.24,205.24,1
69.181920,-49.957214,74145.6650,  0.00,231.7783,2008071509002,205.24,205.24,1
69.181947,-49.957970,74146.1044,  0.00,231.9792,2008071509002,205.24,205.24,1
69.181975,-49.958715,74146.5435,  0.00,232.1698,2008071509002,205.24,205.24,1
69.182003,-49.959472,74146.9825,  0.00,232.3309,2008071509002,205.24,205.24,1
69.182031,-49.960223,74147.4212,  0.00,232.4460,2008071509002,204.73,204.73,1
69.182060,-49.960969,74147.8595,  0.00,232.5145,2008071509002,201.24,201.24,1
69.182090,-49.961727,74148.2976,  0.00,232.5409,2008071509002,204.73,204.73,1
69.182120,-49.962479,74148.7355,  0.00,232.5303,2008071509002,205.24,205.24,1
69.182149,-49.963227,74149.1731,  0.00,232.4908,2008071509002,205.24,205.24,1
69.182179,-49.963975,74149.6104,  0.00,232.4315,2008071509002,205.24,205.24,1
69.182208,-49.964729,74150.0473,  0.00,232.3728,2008071509002,205.24,205.24,1
69.182237,-49.965479,74150.4838,  0.00,232.3323,2008071509002,204.73,204.73,1
69.182264,-49.966235,74150.9199,  0.00,232.3126,2008071509002,200.73,200.73,1
69.182291,-49.966987,74151.3553,  0.00,232.3177,2008071509002,200.73,200.73,1
69.182316,-49.967739,74151.7904,  0.00,232.3522,2008071509002,204.74,204.74,1
69.182340,-49.968493,74152.2252,  0.00,232.4217,2008071509002,205.24,205.24,1
69.182362,-49.969242,74152.6597,  0.00,232.5353,2008071509002,204.74,204.74,1
69.182383,-49.970003,74153.0939,  0.00,232.6961,2008071509002,201.23,201.23,1
69.182403,-49.970753,74153.5278,  0.00,232.9007,2008071509002,204.24,204.24,1
69.182422,-49.971504,74153.9616,  0.00,233.1483,2008071509002,201.23,201.23,1
69.182439,-49.972261,74154.3952,  0.00,233.4295,2008071509002,203.75,203.75,1
69.182456,-49.973019,74154.8286,  0.00,233.7246,2008071509002,196.23,196.23,1
69.182472,-49.973772,74155.2617,  0.00,234.0171,2008071509002,196.23,196.23,1
69.182487,-49.974530,74155.6947,  0.00,234.2957,2008071509002,204.24,204.24,1
69.182502,-49.975278,74156.1276,  0.00,234.5413,2008071509002,205.24,205.24,1
69.182517,-49.976037,74156.5604,  0.00,234.7451,2008071509002,205.24,205.24,1
69.182533,-49.976791,74156.9930,  0.00,234.8894,2008071509002,205.24,205.24,1
69.182549,-49.977545,74157.4254,  0.00,234.9720,2008071509002,205.24,205.24,1
69.182567,-49.978299,74157.8576,  0.00,234.9974,2008071509002,205.24,205.24,1
69.182586,-49.979059,74158.2897,  0.00,234.9675,2008071509002,205.74,205.74,1
69.182607,-49.979807,74158.7216,  0.00,234.8849,2008071509002,209.23,209.23,1
69.182629,-49.980562,74159.1531,  0.00,234.7481,2008071509002,205.74,205.74,1
69.182652,-49.981311,74159.5843,  0.00,234.5658,2008071509002,205.24,205.24,1
69.182678,-49.982071,74160.0151,  0.00,234.3458,2008071509002,205.24,205.24,1
69.182704,-49.982820,74160.4457,  0.00,234.1128,2008071509002,205.24,205.24,1
69.182732,-49.983575,74160.8758,  0.00,233.8778,2008071509002,205.24,205.24,1
69.182761,-49.984325,74161.3056,  0.00,233.6542,2008071509002,205.24,205.24,1
69.182791,-49.985075,74161.7351,  0.00,233.4435,2008071509002,203.23,203.23,1
69.182823,-49.985830,74162.1645,  0.00,233.2470,2008071509002,189.26,189.26,1
69.182855,-49.986580,74162.5938,  0.00,233.0664,2008071509002,203.23,203.23,1
69.182887,-49.987325,74163.0228,  0.00,232.9028,2008071509002,205.24,205.24,1
69.182920,-49.988076,74163.4515,  0.00,232.7490,2008071509002,205.24,205.24,1
69.182953,-49.988828,74163.8797,  0.00,232.6034,2008071509002,204.74,204.74,1
69.182986,-49.989574,74164.3074,  0.00,232.4683,2008071509002,201.23,201.23,1
69.183019,-49.990327,74164.7347,  0.00,232.3471,2008071509002,204.74,204.74,1
69.183052,-49.991081,74165.1616,  0.00,232.2500,2008071509002,203.23,203.23,1
69.183085,-49.991829,74165.5882,  0.00,232.1785,2008071509002,188.78,188.78,1
69.183118,-49.992583,74166.0146,  0.00,232.1344,2008071509002,199.23,199.23,1
69.183151,-49.993327,74166.4408,  0.00,232.1209,2008071509002,204.73,204.73,1
69.183185,-49.994081,74166.8669,  0.00,232.1313,2008071509002,202.73,202.73,1
69.183219,-49.994831,74167.2929,  0.00,232.1551,2008071509002,180.74,180.74,1
69.183253,-49.995580,74167.7187,  0.00,232.1867,2008071509002,162.26,162.26,1
69.183288,-49.996330,74168.1445,  0.00,232.2279,2008071509002,161.25,161.25,1
69.183323,-49.997085,74168.5701,  0.00,232.2894,2008071509002,169.75,169.75,1
69.183358,-49.997829,74168.9958,  0.00,232.3631,2008071509002,174.75,174.75,1
69.183394,-49.998584,74169.4214,  0.00,232.4467,2008071509002,175.74,175.74,1
69.183429,-49.999328,74169.8469,  0.00,232.5481,2008071509002,179.75,179.75,1
69.183464,-50.000083,74170.2723,  0.00,232.6892,2008071509002,180.75,180.75,1
69.183499,-50.000828,74170.6976,  0.00,232.8783,2008071509002,184.24,184.24,1
69.183534,-50.001583,74171.1230,  0.00,233.1244,2008071509002,183.24,183.24,1
69.183565,-50.002277,74171.5484,  0.00,233.3915,2008071509002,202.74,202.74,1
69.183583,-50.002655,74171.9740,  0.00,233.5180,2008071509002,203.24,203.24,1
